,user,text,clean_response,clean_response_2,clean_response_3
0,pF1G__xG3w0z9qe,@KimmyKy2 @WeAreRLadies fwrite is bae,,,
1,Sanjay_C_Nagi,@KimmyKy2 @WeAreRLadies Fwrite and fread are a dream,,,
2,FedeBarabas,@KimmyKy2 Physics,Physics,,
3,hxchuaruns,"@KimmyKy2 BSc: Statistics, Management
MSc: Business Analytics",Statistics,Management,
4,realauggiehesch,@KimmyKy2 Filmmaking,Filmmaking,,
5,Nonyeoe,"@KimmyKy2 Undergrad: Economics
Grad: Energy",Economics,,
6,kishornaik011,@KimmyKy2 Computer science..,Computer Science,,
7,helenanders26,@KimmyKy2 International Business,Business,,
8,ekoner,"@KimmyKy2 Computing with business, followed by an MSc in business intelligence",Computing with business,,
9,AlanHylands,"RT @KimmyKy2: If you consider yourself a data scientist/analyst, help me answer a quick one question survey. 

What was your major(s) in co‚Ä¶",,,
10,AlanHylands,@KimmyKy2 Accounting,Accounting,,
11,DataDiva,@KimmyKy2 Sociology + Social Anthropology,Sociology,Anthropology,
12,Osovich,"@KimmyKy2 Physics and Mathematics
1/2 master's in modeling and simulation",Physics,Math,
13,data_stephanie,"@KimmyKy2 Also, minor in Art History, MA in Sociology (quantitative), and MA in Education",,,
14,data_stephanie,@KimmyKy2 Sociology + European Studies,Sociology,European Studies,
15,statwonk,@KimmyKy2 Economics with a focus in econometrics + statistics. üî• I'd highly recommend a statistics degree to aspiring data scientists.,Economics,Statistics,
16,AndrewHornstra,"@KimmyKy2 Haven't started yet, but physics and mathematics.",Physics,Math,
17,EngelhardtCR,@KimmyKy2 Psychology,Psychology,,
18,archneura,@KimmyKy2 @ClairAIA is an Architect becoming a data scientist.,Architecture,,
19,lisalendway,@KimmyKy2 How do I join?,,,
20,GotDisk,"@KimmyKy2 Undergrad physics, masters econ, lots of continuing education",Physics,,
21,wimlds,RT @KimmyKy2: I am super duper excited to finally have a local #WiMLDS chapter here in the twin cities. I can‚Äôt wait to see the community w‚Ä¶,,,
22,tgb417,"@KimmyKy2 #DataScience As an Undergraduate a self-designed degree in the use of technology in the Arts, a Masters i‚Ä¶ https://t.co/of5cSyqnla",Data Science,,
23,Aggie_James03,@KimmyKy2 Psychology,Psychology,,
24,jreileyclark,"@KimmyKy2 B.S Math Econ, M.S Petroleum Engineering",Math,Economics,
25,QuixoticQuant,@KimmyKy2 Physics and Theoretical Physics,Physics,,
26,aljrico,@KimmyKy2 Physics,Physics,,
27,seisvelas,"@KimmyKy2 I don't have a formal education, I self-taught linux systems administration, moved into programming in Py‚Ä¶ https://t.co/LUON80UTf3",Systems Administration,,
28,amandabree36,"@KimmyKy2 BS: health and rehabilitation sciences, Masters: epidemiology",Health Science,,
29,lucaofusao,@KimmyKy2 Mechanical engineering,Engineering,,
30,Randy_Au,@KimmyKy2 Business administration and philosophy,Business,Philosophy,
31,ozeanforscher,"RT @j_pye: @KimmyKy2 @mdsumner Computer science. First job was in oceanography, though.",Computer Science,,
32,_casey_bates,@KimmyKy2 Geography,Geography,,
33,KJoyPayton,@healthstatsdude @KimmyKy2 I totally think that philosophy is better than comp sci for making good programmers.  Fi‚Ä¶ https://t.co/hnBKUWUgq0,,,
34,astrogenomics,@KimmyKy2 @DrCompBio Agricultural sciences,Agriculture,,
35,astrogenomics,"RT @KimmyKy2: If you consider yourself a data scientist/analyst, help me answer a quick one question survey. 

What was your major(s) in co‚Ä¶",,,
36,pikruz,@KimmyKy2 A friend of mine is studying data science. He's a biochemical engineer.,Engineering,,
37,phillynerd,@KimmyKy2 Sociology and honors liberal arts,Sociology,,
38,VizMonkey,@KimmyKy2 Environmental engineering,Engineering,,
39,DrCompBio,"RT @KimmyKy2: If you consider yourself a data scientist/analyst, help me answer a quick one question survey. 

What was your major(s) in co‚Ä¶",,,
40,theory_of_nano,"@KimmyKy2 chemistry undergrad, now halfway through masters in data analytics",Chemistry,,
41,theporra,@KimmyKy2 Computer Science and Informatics,Computer Science,IT,
42,angelanovari,"RT @KimmyKy2: If you consider yourself a data scientist/analyst, help me answer a quick one question survey. 

What was your major(s) in co‚Ä¶",,,
43,allg00d,@KimmyKy2 Cosmology/Astrophysics,Physics,,
44,psycaroly,"RT @KimmyKy2: If you consider yourself a data scientist/analyst, help me answer a quick one question survey. 

What was your major(s) in co‚Ä¶",,,
45,IgorBrigadir,@KimmyKy2 Network Communications,Network Communications,,
46,mma999,@KimmyKy2 Philosophy and Politics originally with Economics too but only Y1,Philosophy,Political Science,
47,JustPeachie05,"@KimmyKy2 BS in Evolutionary Ecology, minor Social Psychology, MS Conservation Medicine (One Health / stakeholder a‚Ä¶ https://t.co/TOAwGNCqwO",Ecology,,
48,mts4955,@KimmyKy2 Statistics,Statistics,,
49,missdrivanova,@KimmyKy2 Maths and stats,Math,Statistics,
50,nletcher,"@KimmyKy2 Computer science, linguistics, and philosophy",Computer Science,Linguistics,Philosophy
51,SSanchezColon,@KimmyKy2 Plant ecology,Ecology,,
52,alliemchoate,@KimmyKy2 Not sure if I qualify for the full title of ‚Äúdata analyst‚Äù per se... but I was a psych major in undergrad‚Ä¶ https://t.co/LVE15vPkd9,Psychology,,
53,Branson_Fox,@KimmyKy2 Sociology,Sociology,,
54,GooglingBioinfo,@KimmyKy2 I do the Science with the Data. Aren‚Äôt all STEM majors Data Scientists?,,,
55,cherhan,@KimmyKy2 IT and Database!,IT,,
56,jack_davis_sfu,"@KimmyKy2 Mathematics major, 

Unofficial physics and english minors. (Enough credits but never declared.)",Math,,
57,ev_bjork,@KimmyKy2 Physics.,Physics,,
58,ChelseaParlett,@KimmyKy2 @psychologyih Psychology,Psychology,,
59,McgeeNorrick,"@KimmyKy2 Math ü§ìü§ìü§ìü§ìü§ìü§ìü§ìü§ìü§ì
But I started out in Electrical Engineering just because if you love math, then you gotta‚Ä¶ https://t.co/DsAKl27KTM",Math,,
60,unironictweeter,@KimmyKy2 Econ/Stats,Economics,Statistics,
61,unnamed101,"@KimmyKy2 Physics, High Performance Computing in the school of Mathematics",Physics,,
62,sarah_romanes,@KimmyKy2 @nj_tierney Mathematics and Statistics,Math,Statistics,
63,NickDoesData,@KimmyKy2 Accounting! (What was I thinking?!),Accounting,,
64,Verynace,"RT @KimmyKy2: If you consider yourself a data scientist/analyst, help me answer a quick one question survey. 

What was your major(s) in co‚Ä¶",,,
65,olumidebenjami4,@KimmyKy2 Mathematics and Statistics,Math,Statistics,
66,ecsalomon,@KimmyKy2 English,English,,
67,jimmyczech,"@KimmyKy2 Electrical Engineering, Applied and Computational Math.  People want to call me data scientist but I resist that label.",Engineering,Math,
68,psychologyih,@KimmyKy2 Psychology (ended up getting MS and PhD too) and Economics,Psychology,Economics,
69,psychologyih,"RT @KimmyKy2: If you consider yourself a data scientist/analyst, help me answer a quick one question survey. 

What was your major(s) in co‚Ä¶",,,
70,Breza,@KimmyKy2 Human Services,Human Services,,
71,taylorterry,@KimmyKy2 Social Studies,Social Studies,,
72,SuusJC,"@KimmyKy2 Originally, Theoretical Physics. Then an MSc in geophysical fluid Dynamics, under the Applied Maths banne‚Ä¶ https://t.co/ZdtBQubvQk",Physics,,
73,healthstatsdude,"@ChristianNolan @KJoyPayton @KimmyKy2 whatever brings in the most utility is gonna be a virtue! üòÅ 

(i should proba‚Ä¶ https://t.co/jcWAIlSfnr",,,
74,AmberRaeToro,@KimmyKy2 Digital Marketing Analyst here my major is Computer Science,Computer Science,,
75,ChristianNolan,@healthstatsdude @KJoyPayton @KimmyKy2 Oh I‚Äôm no Stats Philosopher! But I think I use Philosophy more than anything‚Ä¶ https://t.co/fBaqAI1ZAF,,,
76,healthstatsdude,@KJoyPayton @KimmyKy2 i ... kant ... believe there are this many stats philosophers!,,,
77,ChristianNolan,@KJoyPayton @healthstatsdude @KimmyKy2 Also Philosophy! @healthstatsdude I knew there was a reason I liked you right away üòÅ,Philosophy,,
78,Shums36236511,@KimmyKy2 Many consider themselves data scientists these days. Losing its meaning. According to some a 3 month boot camp will suffice.,,,
79,condwanaland,@KimmyKy2 Marine Biology,Biology,,
80,oliviatoth8,@KimmyKy2 Data Analytics and Sociology double major and minors in CS and Math,Analytics,Sociology,
81,aldosantiago,"@KimmyKy2 Civil Engineering
M Planning and systems
MBA finance",Engineering,,
82,DrKashik,@KimmyKy2 Chemical Engineering and Chemistry (BS for both),Engineering,Chemistry,
83,i_am_camilo,"@KimmyKy2 Economics, postgrad in IT.",Economics,,
84,mphemming,"@KimmyKy2 Oceans, climate and Physical geography, followed by oceanography-based masters and PhD",Geography,,
85,richardvenusfo,@KimmyKy2 Mathematics and postgrad information mamagement with some DS,Math,,
86,FormulasForRef,@KimmyKy2 Mathematics,Math,,
87,MarkNagelberg,@KimmyKy2 Economics and math,Economics,Math,
88,thomesaux,@KimmyKy2 Chemistry,Chemistry,,
89,jesswoodyward,"@KimmyKy2 Undergrad in physics, PhD in genetics üß¨",Physics,,
90,Dr_BS,@KimmyKy2 Psychology,Psychology,,
91,Deiv101,@KimmyKy2 Computational Mathematics and Actuarial Science.,Math,Actuarial Science,
92,datadanlarson,@KimmyKy2 Sociology,Sociology,,
93,rileymsmith19,"@KimmyKy2 Undergrad: Psychology + English Rhetoric, minor in Philosophy. Grad: Applied Psychology",Psychology,English,
94,JesseOPiburn,@KimmyKy2 Geography,Geography,,
95,BarkleyBG,@KimmyKy2 math and french double! Not sure which one is more relevant some days.,Math,French,
96,mrworthington,"@KimmyKy2 Undergrad: BA English (Composition &amp; Rhetoric)
Grad 1: MEd in Special Education
Grad 2: MPAff in Public Policy",English,,
97,mattmulvahill,"@KimmyKy2 Sociology in undergrad, Biostats in grad school",Sociology,,
98,VMart,"RT @KimmyKy2: If you consider yourself a data scientist/analyst, help me answer a quick one question survey. 

What was your major(s) in co‚Ä¶",,,
99,AMULETAnalytics,@KimmyKy2 Mathematics and computer science,Math,Computer Science,
100,indyrader,"@KimmyKy2 BS: Physics &amp; Mathematics
MS: Physics
PhD: Physics &amp; Biochemistry",Physics,Math,
101,Thomas_Bio,"@KimmyKy2 Physics, biophysics",Physics,,
102,malai_san,@KimmyKy2 Computer science,Computer Science,,
103,JBalloonist,@KimmyKy2 Accounting,Accounting,,
104,RobCalver5,@KimmyKy2 Wow what a variety of backgrounds. Barely a math grad in sight!,,,
105,phalanges,"@KimmyKy2 BSc: cognitive science, psychology
MA/PhD: brain and cognitive sciences",Psychology,Cognitive Science,
106,GarethNetto,@KimmyKy2 Biological Sciences / Ecology,Biology,Ecology,
107,benidjohan,@KimmyKy2 Mechanical Engineering,Engineering,,
108,emkayoh,@KimmyKy2 BSc optometry BA mathematics MSc ophthalmology PhD neuroscience,Math,Optometry,
109,nosimpler_me,@KimmyKy2 Operations Research (OR),Operations Research,,
110,huzefabw,"@KimmyKy2 BS: Mechanical Engineering, MS: Operations Research",Engineering,,
111,liz_herdter,@KimmyKy2 Biology with a Spec in Conservation Ecology,Biology,,
112,YardimciAtilla,@KimmyKy2 Statistics (dr) and software,Statistics,,
113,michela_9,"@KimmyKy2 BSc: biology
MSc: biostatistics",Biology,,
114,suminisweird,@KimmyKy2 Law; Political Science,Political Science,,
115,TomJSeiple,"@KimmyKy2 Environmental Science BS, and Masters in Urban Planning",Environmental Science,,
116,darilbrown,@KimmyKy2 @nicholdav Mechanical Engineering,Engineering,,
117,gkampolis,"@KimmyKy2 MEng: Mineral Resources Engineering

MSc: Renewable Energy &amp; Environmental Modelling

Now finishing a MSc‚Ä¶ https://t.co/gfdZ1jCW2Z",Engineering,,
118,MikeLwrnc,@KimmyKy2 Psychology,Psychology,,
119,simaspaulikas,@KimmyKy2 Economics and Finance,Economics,Finance,
120,Kuprinasha,"@KimmyKy2 I‚Äôm a data analyst, I studied International business (Marketing) in university and programming in my spare time",Business,,
121,quartergoddess,@KimmyKy2 History and Political Science,History,Political Science,
122,DataJunkie,"@KimmyKy2 Mathematics, Statistics, Computer Science",Math,Statistics,Computer Science
123,djcentos6,"@KimmyKy2 Atmospheric Science BS, MS with concentration/research in computational modeling",Atmospheric Science,,
124,revodavid,@KimmyKy2 Statistics and Computer Science,Statistics,Computer Science,
125,jcrichardson617,@KimmyKy2 BS: biology. PhD: ecology,Biology,,
126,RevDocGabriel,"@KimmyKy2 Undergrads: econ, math, christian scriptures, and interdisciplinary arts. Doctoral: sacred theology (ThD)‚Ä¶ https://t.co/bDlbfXXn3m",Economics,Math,
127,AstroVivi,@KimmyKy2 Physics,Physics,,
128,DaveS002,@KimmyKy2 Statistics,Statistics,,
129,Richard_S_Hanna,@KimmyKy2 Mechanical and Biomedical Engineering,Engineering,,
130,pedropenzuti,@KimmyKy2 Genetics!,Biology,,
131,dashstander,@KimmyKy2 Applied math,Math,,
132,awlahMaestro,@KimmyKy2 Actuarial Science w/ comp sci minor,Actuarial Science,,
133,nicholdav,"RT @KimmyKy2: If you consider yourself a data scientist/analyst, help me answer a quick one question survey. 

What was your major(s) in co‚Ä¶",,,
134,rhovdey,@KimmyKy2 Biomedical Science!,Biomedical Science,,
135,HendraRespati,"RT @KimmyKy2: If you consider yourself a data scientist/analyst, help me answer a quick one question survey. 

What was your major(s) in co‚Ä¶",,,
136,WMwisp,@KimmyKy2 Education  and sociology. Really got interested in quantitative analysis from my social science research and statistics class.,Education,Sociology,
137,grizr1,@KimmyKy2 @rstats4ds English and Classical Humanities,English,Classical Humanities,
138,am_innocenter,@KimmyKy2 Math and computer science @threadreaderapp,Math,Computer Science,
139,MeerMaurits,@KimmyKy2 Mathematics,Math,,
140,Dario_barcelona,RT @jcllobet: @KimmyKy2 @BecomingDataSci Industrial Engineering (no major takeawayes besides the scientific method). Now creating https://t‚Ä¶,Engineering,,
141,data_jackalope,"@KimmyKy2 Undergrad: Psychology, minor in Econ.

Dropped out of an MA/PhD program in Folklore, and then dropped out‚Ä¶ https://t.co/WNEAfy8VAo",Psychology,,
142,WendyPickel,@KimmyKy2 Psychology,Psychology,,
143,vijaygagu,@KimmyKy2 Statistics,Statistics,,
144,lariebyrd,@KimmyKy2 Chemistry,Chemistry,,
145,russellcbrown,@KimmyKy2 Psychology,Psychology,,
146,tjmahr,@KimmyKy2 Linguistics and English,Linguistics,English,
147,statML_collin,"@KimmyKy2 Math. 

Then MSc in machine learning and PhD in statistics.",Math,,
148,KerrySway,@KimmyKy2 Financial Engineering,Engineering,,
149,nsmith_piano,@quantum_relic @KimmyKy2 I was a music major too. Piano pedagogy and math undergraduate. MM and DMA piano performance,Music,,
150,ZimanaAnalytics,@KimmyKy2 Mechanical Engineering with a MBA later on. ^PDeB,Engineering,,
151,jjbergerl,"RT @KimmyKy2: If you consider yourself a data scientist/analyst, help me answer a quick one question survey. 

What was your major(s) in co‚Ä¶",,,
152,LaurenEngle,@KimmyKy2 Undergrad: Economics and Finance Grad: Analytics,Economics,Finance,
153,categitau_,"@KimmyKy2 Mathematics and Computer science, majored in Statistics.",Math,Computer Science,
154,VCampanacho,@KermytAnderson @KimmyKy2 Anthropology,Anthropology,,
155,Data_Guru_,"RT @KimmyKy2: If you consider yourself a data scientist/analyst, help me answer a quick one question survey. 

What was your major(s) in co‚Ä¶",,,
156,giuice,@KimmyKy2 Computer Science,Computer Science,,
157,quantum_relic,@KimmyKy2 Undergraduate degree was Broad Area Music. Master's degree was Information Systems Management.,Music,,
158,rkahne,"@KimmyKy2 Undergrad: Poli Sci and Economics,
Masters: Public Policy.  Tons of econometrics in policy degrees, so it‚Ä¶ https://t.co/0I6ab0FKdh",Political Science,Economics,
159,apolmig,RT @jcllobet: @KimmyKy2 @BecomingDataSci Industrial Engineering (no major takeawayes besides the scientific method). Now creating https://t‚Ä¶,,,
160,natewjessee,@KimmyKy2 Political Science,Political Science,,
161,nophilterphil,@KimmyKy2 Business/Econ,Business,Economics,
162,rogers_k8,"RT @KimmyKy2: If you consider yourself a data scientist/analyst, help me answer a quick one question survey. 

What was your major(s) in co‚Ä¶",,,
163,jcllobet,@KimmyKy2 @BecomingDataSci Industrial Engineering (no major takeawayes besides the scientific method). Now creating‚Ä¶ https://t.co/X9tVr4CXHa,,,
164,rmflight,"RT @KimmyKy2: If you consider yourself a data scientist/analyst, help me answer a quick one question survey. 

What was your major(s) in co‚Ä¶",,,
165,rmflight,"@KimmyKy2 Biology-Chemistry. MSc in Chemistry, PhD in Chemistry. Didn't start programming until PhD.

I do metabolo‚Ä¶ https://t.co/1LxK6U3TcW",Biology,Chemistry,
166,Sopcaja,@KimmyKy2 (pure) math + physics,Math,Physics,
167,unless_if,"@KimmyKy2 Physics, minor in Math",Physics,,
168,ARahmart,"RT @KimmyKy2: If you consider yourself a data scientist/analyst, help me answer a quick one question survey. 

What was your major(s) in co‚Ä¶",,,
169,Camille_arianne,@KimmyKy2 @BecomingDataSci Applied math,Math,,
170,OfficialLawalT,@KimmyKy2 @BecomingDataSci Systems engineering,Engineering,,
171,BecomingDataSci,"@KimmyKy2 BS: Integrated Science and Technology
MS: Systems Engineering",Integrated Science and Technology,,
172,iflores_siaca,"@KimmyKy2 Undergrad: Ecology and a lot of Social Science &amp; Humanities courses

Grad: Data Science",Ecology,,
173,catherinezh,@KimmyKy2 Sociology,Sociology,,
174,cristianvaldez5,@KimmyKy2 Physics and Mathematics,Physics,Math,
175,itscarolzee,@KimmyKy2 Physics and Physiology joint major,Physics,Physiology,
176,ryankelleydata,"RT @KimmyKy2: If you consider yourself a data scientist/analyst, help me answer a quick one question survey. 

What was your major(s) in co‚Ä¶",,,
177,ericpfreeman,@KimmyKy2 Chemical Engineering,Engineering,,
178,AdamJRuby,@KimmyKy2 Physics,Physics,,
179,mjpetrey,"@KimmyKy2 BA: Mathematics
MA: Masters in Teaching, Secondary Math
MS: Analytics (finishing this December)",Math,,
180,TB_Gooner,"@KimmyKy2 BS: Math
MS, PHD: Computational and Applied Math",Math,,
181,bearloga,"@KimmyKy2 Undergrad: Mathematics (Probability &amp; Statistics)
Grad: Statistical Practice",Math,,
182,astroeringrand,@KimmyKy2 Astronomy and Physics https://t.co/KzDedfqdfb,Physics,,
183,kierisi,"@KimmyKy2 BSc: Biochemistry
MA: Secondary Science Education",Biochemistry,,
184,kevinchas,@KimmyKy2 @oscar_b123 Political science.,Political Science,,
185,BriannaNoland,"@KimmyKy2 Bachelor's: mathematical economics, Masters: stats.",Economics,,
186,mmmpork,@KimmyKy2 Anthropology,Anthropology,,
187,canyon289,@KimmyKy2 Mechanical engineering,Engineering,,
188,KermytAnderson,@KimmyKy2 Anthroplogy/Biology,Anthropology,Biology,
189,dorcasmariew,@KimmyKy2 Undergrad - math; grad- Applied Statistics,Math,,
190,MahdiAustian,@KimmyKy2 Liberal Arts &amp; Sciences,Liberal Arts and Sciences,,
191,jesus_guzman,@KimmyKy2 Liberal studies.,Liberal Studies,,
192,heyallisongray,@KimmyKy2 Psychology and Classics (concentration in Latin),Psychology,Classics,
193,mjfabius,@KimmyKy2 Statistics,Statistics,,
194,NumaDhamani,@KimmyKy2 Physics and Chemistry üë©‚Äçüî¨,Physics,Chemistry,
195,atmwyatt,@KimmyKy2 French Lit. Master's and PhD work were heavily quantitative. Still find beauty in bringing a humanities b‚Ä¶ https://t.co/xmpgxjbgz2,French,,
196,FGoldoust,@KimmyKy2 Electronics and Mathematical physics üèÅ,Physics,,
197,patcasrom,"@KimmyKy2 Undergead: Biology, grad: Epidemiology",Biology,,
198,pachamaltese,@KimmyKy2 Business and Economics,Business,Economics,
199,AliseOtilia,@KimmyKy2 Biomedical Science,Biomedical Science,,
200,anywillowbrook,@KimmyKy2 Religion,Religion,,
201,nimrodpriell,@KimmyKy2 Math. Minored in biology in undergrad.,Math,,
202,CoreySparks1,@KimmyKy2 Anthropology,Anthropology,,
203,JeremyBrightbil,"@KimmyKy2 History, with international studies concentration in undergrad, Classical Languages (Greek and Latin) for PhD.",History,,
204,kouvaris3,@KimmyKy2 Accounting which lead me to an audit job at a broker/dealer with lots of data !,Accounting,,
205,dailysup,"@KimmyKy2 Finance &amp; integrated information technology (@MooreSchool, @UofSC_CEC)",Finance,IT,
206,gds506,@KimmyKy2 Forestry,Forestry,,
207,jasdumas,@KimmyKy2 Biomedical Engineering,Engineering,,
208,fistful_of_bass,@KimmyKy2 Ecology and computer science (German Uni) - interesting: many parallels between software architecture and experimental design.,Ecology,Computer Science,
209,brennanpcardiff,"RT @KimmyKy2: If you consider yourself a data scientist/analyst, help me answer a quick one question survey. 

What was your major(s) in co‚Ä¶",,,
210,brennanpcardiff,@KimmyKy2 Biochemistry,Biochemistry,,
211,rbjanis5,@KimmyKy2 Psychology,Psychology,,
212,lta100163,"@KimmyKy2 BS computer science 
MS computer science 
Currently working on MS applied data science",Computer Science,,
213,thisisdaryn,@KimmyKy2 Math + CS,Math,Computer Science,
214,kristophrdelane,@KimmyKy2 Bible and Religion,Religion,,
215,dearbharat1,@KimmyKy2 Physics,Physics,,
216,AGodefroidt,"@KimmyKy2 Communication Sciences‚Äîmajor in Media Effects &amp; Society

Political Sciences‚Äîmajor in International Relati‚Ä¶ https://t.co/FQkE2nV0BU",Communication Sciences,,
217,schartkoff,"@KimmyKy2 psychology, with a minor in communication. has served me amazingly well.",Psychology,,
218,GallRaphael,"@KimmyKy2 BSc Liberal Arts &amp; Sciences, MSc Psychological Research",Liberal Arts and Sciences,,
219,dunmireg,@KimmyKy2 Computer science,Computer Science,,
220,gh_firefly,@KimmyKy2 English,English,,
221,shunley42,@KimmyKy2 Psychology and Religion (double major),Psychology,Religion,
222,fmtycho,"@KimmyKy2 Philosophy, and I'm always surprised there aren't more of us on that route. 
Especially Philosophy of Language to NLP",Philosophy,,
223,shourodasgupta,@KimmyKy2 Economics with a healthy dose of statistics.,Economics,,
224,AlanHochberg,"@KimmyKy2 Electrical Engineering, which in 1976 encompassed computer science.",Engineering,,
225,jladata,"@KimmyKy2 Accounting, with a minor in CS for business majors",Accounting,,
226,mfarkhann,@KimmyKy2 Statistics,Statistics,,
227,BeenFrederic,@KimmyKy2 @rstats4ds Forensic science,Forensic Science,,
228,thosjleeper,"@KimmyKy2 Political Science and Global Studies, minor in Spanish.",Political Science,Global Studies,
229,sandrapintor,@KimmyKy2 Organizational Psychology,Psychology,,
230,likyskyhu,@KimmyKy2 Marketing PhD~!,Marketing,,
231,stevepiatkowski,@KimmyKy2 Engineering (General/Electrical Science),Engineering,,
232,vishal_katti,@KimmyKy2 Instrumentation &amp; Control Engineering,Engineering,,
233,DeboraSantoPhD,@daniellequinn88 @KimmyKy2 Similar story here: molecular biology. Then I did a PhD in crop genetics which lead me to the AgTech field.,Biology,,
234,oziel_carneiro,@KimmyKy2 Computer science,Computer Science,,
235,ryan_ames,@KimmyKy2 Urban Planning,Urban Planning,,
236,Shannon_E_Ellis,@KimmyKy2 Biology &amp; Spanish,Biology,Spanish,
237,alycolumbus,@KimmyKy2 Mathematics (w/ a specialization in Applied and Computational Mathematics),Math,,
238,_raneh_,@KimmyKy2 Geography,Geography,,
239,hglanz,@KimmyKy2 Statistics and Mathematics (double major),Statistics,Math,
240,_nelFrattempo,@KimmyKy2 However I am worried by the removal of tweets more and more frequently even in a technical discussion https://t.co/cXtzxLm6KI,,,
241,chiuwilliam,"@KimmyKy2 Economics, but it wasn't enough to get a data science job, so I went back to school to a master degree in Analytics.",Economics,,
242,alonnir,@KimmyKy2 econ,Economics,,
243,_nelFrattempo,@KimmyKy2 Maths / Group Theory,Math,,
244,riannone,@KimmyKy2 (Atmospheric) Chemistry,Chemistry,,
245,raissaphilibert,@KimmyKy2 Chemistry and Environmental science,Chemistry,Environmental Science,
246,j_pye,"@KimmyKy2 @mdsumner Computer science. First job was in oceanography, though.",Computer Science,,
247,ross_gayler,@KimmyKy2 Psychology + Computer Science followed by a PhD in Psychology,Psychology,Computer Science,
248,the_engi_nerd,@KimmyKy2 Engineering Physics,Physics,,
249,pybokeh,@KimmyKy2 industrial engineering,Engineering,,
250,fjsosah,@nj_tierney @KimmyKy2 @mdsumner Psychology,Psychology,,
251,BenjaminWolfe,"@KimmyKy2 Double major: Spanish and philosophy. So like, totally related.",Spanish,Philosophy,
252,_varunparikh,@dileep31 @KimmyKy2 @machinelearn_d Where from?,,,
253,JHanlon,@KimmyKy2 Music &amp; English,Music,English,
254,TommyJEnglish,@KimmyKy2 Public Health,Public Health,,
255,harish_guda,@KimmyKy2 Mechanical Engineering and Operations Research,Engineering,Operations Research,
256,apreshill,@KimmyKy2 Applied psychology,Psychology,,
257,Ross_Dahlke,@KimmyKy2 Journalism and political science,Journalism,Political Science,
258,Pete1729,"@KimmyKy2 Engineering in undergrad. For postgrad, PhD in data science",Engineering,,
259,marisalyn,@KimmyKy2 environmental engineering -&gt; applied math and stats + econ research -&gt; data science!,Engineering,Math,
260,JohnBVincent,"@KimmyKy2 @nj_tierney Biology, ecology/evolution",Biology,Ecology,
261,dwhdai,"@KimmyKy2 @nj_tierney Biological sciences undergrad, Biostatistics Masters",Biology,,
262,greg_dubrow,"@KimmyKy2 Film major undergrad, no math or science courses. Higher ed policy for MS/PhD. Grad assistantship in poli‚Ä¶ https://t.co/lGUb0RRo6i",Filmmaking,,
263,maguiiiar,@KimmyKy2 Statistics,Statistics,,
264,sbtr11,@KimmyKy2 same,,,
265,hrbrmstr,@KimmyKy2 CompSci w/Math &amp; Engineering minors.,Computer Science,Math,
266,seankross,@KimmyKy2 @nj_tierney Biology and Computer Science,Biology,Computer Science,
267,nj_tierney,"@KimmyKy2 @mdsumner Psychological Sciences + Honours for Undergraduate, PhD in statistics afterwards.",Psychology,,
268,nj_tierney,"RT @KimmyKy2: If you consider yourself a data scientist/analyst, help me answer a quick one question survey. 

What was your major(s) in co‚Ä¶",,,
269,dileep31,"@KimmyKy2 @machinelearn_d Bachelors in Mechanical engineering. After 9 years as data scientist /analyst, now doing Masters in Analytics",Engineering,,
270,chen_mingi,@KimmyKy2 Cybernetic Systems,Cybernetic Systems,,
271,ludmila_janda,"@KimmyKy2 english (with a minor in social and economic justice, whatever that is)",English,,
272,AndrewAbbott,"@KimmyKy2 Economics and political science undergrad
Economics and Data Science masters",Economics,Political Science,
273,healthandstats,@KimmyKy2 Economics and Psychology,Economics,Psychology,
274,StevenNHart,"@KimmyKy2 Biotechnology (Bio Major, Chemistry &amp; Business Minor)",Biology,,
275,GarrettRMooney,@KimmyKy2 Econ,Economics,,
276,majmurr,@KimmyKy2 Mathematics,Math,,
277,jfdavidson,@KimmyKy2 Econ...but I worked in IT through school,Economics,,
278,indiedataviz,"@KimmyKy2 I did my masters in Quantitative sociology... although in my undergrad, I majored in criminology and visual art",Sociology,,
279,AmberAnalytics,@KimmyKy2 Social Science,Social Science,,
280,ndoogan,@KimmyKy2 Social work.,Social Work,,
281,AnnaChingChing,@KimmyKy2 Structural Engineering,Engineering,,
282,carter_allen_,@KimmyKy2 Stats,Statistics,,
283,luketrailrunner,"@KimmyKy2 Marketing, so I feel odd in this bunch üòÖ. I did lead the Economics club tho!",Marketing,,
284,Corey_Yanofsky,"@KimmyKy2 undergrad: biochemistry, chemical engineering (a double degree program under the title ""Biotechnology"")‚Ä¶ https://t.co/KabZgHrCjf",Biochemistry,Engineering,
285,joana_beja,@KimmyKy2 Environmental engineering... swiftly moved to oceanography after graduating though,Engineering,,
286,jbono,@KimmyKy2 English,English,,
287,nvergos,"@KimmyKy2 Applied math and physics, followed by physics PhD.",Math,Physics,
288,fledglingStat,"@BenListyg @KimmyKy2 Undergrad: economics, philosophy 

Grad: statistics",Economics,Philosophy,
289,mrjoh3,"RT @KimmyKy2: If you consider yourself a data scientist/analyst, help me answer a quick one question survey. 

What was your major(s) in co‚Ä¶",,,
290,mrjoh3,@KimmyKy2 Ecology and anthropology,Ecology,Anthropology,
291,adantonison,@KimmyKy2 Industrial and Systems Engineering,Engineering,,
292,jarvmiller,@KimmyKy2 Stats. Was a stats + math major but dropped it during the last semester bc I didn‚Äôt wanna take a class on Friday üòÇ,Statistics,,
293,cnborish,@KimmyKy2 Biomedical engineering,Engineering,,
294,chetchavat,"@KimmyKy2 Political Science, Masters in Public Administration",Political Science,,
295,Brandon_Weiss_B,@KimmyKy2 Economics &amp; Music Performance,Economics,Music,
296,mulderc,@KimmyKy2 Economics &amp; political sci. With minors soc. and psych. Master Econ.,Economics,Political Science,
297,Traci_Carson_,"@KimmyKy2 Sports Management, B.A. 
Health Behavior, MPH 
Currently: Epidemiology, PhD candidate",Sports Management,,
298,TazPoltorak,@KimmyKy2 English,English,,
299,BenListyg,"@KimmyKy2 Undergrad: Psychology w/ a minor in Statistics.

Graduate: Industrial - Organizational Psychology",Psychology,,
300,mdsumner,"RT @KimmyKy2: If you consider yourself a data scientist/analyst, help me answer a quick one question survey. 

What was your major(s) in co‚Ä¶",,,
301,mdsumner,@KimmyKy2 Plant Science and Geography,Plant Science,Geography,
302,adhaamehab,@KimmyKy2 Computer Science,Computer Science,,
303,thisistonylu,@KimmyKy2 Geography FTW!,Geography,,
304,daoteajing,@KimmyKy2 Ecology,Ecology,,
305,lewdacris_,@KimmyKy2 ‚ÄúQuantitative Science‚Äù which was all statistics and economics classes,Statistics,Economics,
306,jbensnyder,"@KimmyKy2 BA/MA - Sociology
MS - Computer Engineering",Sociology,,
307,gro7or,@KimmyKy2 Operations Research,Operations Research,,
308,cmsadler,@KimmyKy2 Mathematics (B.S. and M.A. degrees),Math,,
309,kccarrell,"@KimmyKy2 History, Anthropology, Statistics",History,Anthropology,Statistics
310,LarsvonS,@KimmyKy2 Marketing. ü§π‚Äç‚ôÇÔ∏è,Marketing,,
311,beeonaposy,@KimmyKy2 Statistics and English!,Statistics,English,
312,Agnes_Kalibata,"@jacob_deppen @KimmyKy2 All of you are really great!  How diverse! In addition to my work in Ag, I intentionally st‚Ä¶ https://t.co/9KpOEITg4t",,,
313,definity,@KimmyKy2 Mathematics.,Math,,
314,LittleMissData,@KimmyKy2 @oscar_b123 Software engineering!,Engineering,,
315,jacob_deppen,@KimmyKy2 Anthropology (specializing in archaeology) with a Geography (GIS) minor.,Anthropology,,
316,monkmanmh,"@KimmyKy2 Geography BSc and MA, with some statistics courses and 1st year CS programming (FORTRAN)",Geography,,
317,schnee,@KimmyKy2 Electrical Engineering and Math,Engineering,Math,
318,JaeheeRyoo,"@KimmyKy2 Still a ways behind on being called a data scientist but for variety, Marine Geography and one additional module in C.",Geography,,
319,akdm_bot,"RT @KimmyKy2: If you consider yourself a data scientist/analyst, help me answer a quick one question survey. 

What was your major(s) in co‚Ä¶",,,
320,jeffblackadar,@KimmyKy2 History (I learned R in a digital history course),History,,
321,ben_j_lindsay,"@KimmyKy2 Not quite a data scientist yet, but chemical engineering",Engineering,,
322,DataSciEng,@KimmyKy2 Mechanical engineering PhD / Graduate certificate scientific computing,Engineering,,
323,_Alejandro_AA,"@KimmyKy2 @rstatstweet English, but had a Data Analytics course as an elective and it always stuck with me as I pro‚Ä¶ https://t.co/xKlEZiyEvw",English,,
324,HRJ21,"@KimmyKy2 @asiflaldin Pharmacology, then PhD in Immunology.",Phamacology,,
325,ZachSmithingell,"@KimmyKy2 @rstatstweet Public health policy, sort of. I went to evergreen, land of no majors.

But I took stats and econ, too.",Public Health,,
326,DrJuanConde,@KimmyKy2 @machinelearn_d Aerospace engineering,Engineering,,
327,asiflaldin,"RT @KimmyKy2: If you consider yourself a data scientist/analyst, help me answer a quick one question survey. 

What was your major(s) in co‚Ä¶",,,
328,mesken_stefan,@KimmyKy2 Mathematics/Computer Science.,Math,Computer Science,
329,machinelearn_d,"RT @KimmyKy2: If you consider yourself a data scientist/analyst, help me answer a quick one question survey. 

What was your major(s) in co‚Ä¶",,,
330,DrLeo037,@KimmyKy2 @rstatstweet Cybernetics.  (I lucked in when I chose it.  How was I to know way back then that I'd signed‚Ä¶ https://t.co/zvJ02slSyM,Cybernetic Systems,,
331,ruy_valdes,"@KimmyKy2 Just take Stats, Computer Science, and something where you can apply that.",,,
332,Aaron_Hawn,@KimmyKy2 @rstats4ds History. Currently enrolled in an MS Data Science program,History,,
333,Varmer,@KimmyKy2 @rstatstweet Economics and IT management,Economics,IT,
334,JonTheGeek,@KimmyKy2 @oscar_b123 Biochemistry,Biochemistry,,
335,oscar_b123,@KimmyKy2 @rstats4ds Mechanical Engineering,Engineering,,
336,oscar_b123,"RT @KimmyKy2: If you consider yourself a data scientist/analyst, help me answer a quick one question survey. 

What was your major(s) in co‚Ä¶",,,
337,rstats4ds,"RT @KimmyKy2: If you consider yourself a data scientist/analyst, help me answer a quick one question survey. 

What was your major(s) in co‚Ä¶",,,
338,StatsGary,@KimmyKy2 Applied Business Statistics,Statistics,,
339,jananivijayan1,@KimmyKy2 Mathematics,Math,,
340,jananivijayan1,@SushGopalan @KimmyKy2 @rstatstweet Mathematics,Math,,
341,daniellequinn88,"@KimmyKy2 I'm not sure I consider myself a full-fledged ""data scientist"" (yet), but ... Biology! :)",Biology,,
342,jennifer_ebe,@KimmyKy2 @rstatstweet Mathematics and Statistics,Math,Statistics,
343,berndschmidl,@KimmyKy2 Sociology,Sociology,,
344,rstatstweet,"RT @KimmyKy2: If you consider yourself a data scientist/analyst, help me answer a quick one question survey. 

What was your major(s) in co‚Ä¶",,,
